_id,mood,notes,related_meals,timestamp,user_id
67e5af4e4344fe1865108e29,happy,Had a productive day at work,[],2025-03-27T01:58:30.807000,67e5af4c4344fe1865108e26
67e5af4e4344fe1865108e2a,energetic,Feeling great today!,[],2025-03-15T12:31:30.809000,67e5af4c4344fe1865108e26
67e5af4e4344fe1865108e2b,happy,Not feeling well today,[],2025-03-13T03:15:30.810000,67e5af4c4344fe1865108e26
67e5af4e4344fe1865108e2c,bored,Need energy boost,[],2025-03-02T16:29:30.810000,67e5af4c4344fe1865108e26
67e5af4e4344fe1865108e2d,happy,Need energy boost,[],2025-03-20T23:44:30.810000,67e5af4c4344fe1865108e26
67e5af4e4344fe1865108e2e,happy,Relaxing after a long day,[],2025-03-18T20:36:30.811000,67e5af4c4344fe1865108e26
67e5af4e4344fe1865108e2f,stressed,Need some comfort food,[],2025-03-13T14:25:30.811000,67e5af4c4344fe1865108e26
67e5af4e4344fe1865108e30,hungry,Stressed about upcoming deadline,[],2025-03-25T18:50:30.812000,67e5af4d4344fe1865108e27
67e5af4e4344fe1865108e31,energetic,Not feeling well today,[],2025-03-23T18:39:30.813000,67e5af4d4344fe1865108e27
67e5af4e4344fe1865108e32,tired,Celebrating a promotion,[],2025-03-03T09:19:30.813000,67e5af4d4344fe1865108e27
67e5af4e4344fe1865108e33,sick,Need some comfort food,[],2025-03-15T13:59:30.814000,67e5af4d4344fe1865108e27
67e5af4e4344fe1865108e34,bored,Had a productive day at work,[],2025-03-11T11:30:30.815000,67e5af4d4344fe1865108e27
67e5af4e4344fe1865108e35,hungry,,[],2025-03-05T10:06:30.815000,67e5af4d4344fe1865108e27
67e5af4e4344fe1865108e36,sick,Had a productive day at work,[],2025-03-06T04:14:30.815000,67e5af4d4344fe1865108e27
67e5af4e4344fe1865108e37,stressed,Just finished a workout,[],2025-03-26T15:51:30.816000,67e5af4d4344fe1865108e27
67e5af4e4344fe1865108e38,hungry,Need energy boost,[],2025-02-28T10:29:30.817000,67e5af4d4344fe1865108e27
67e5af4e4344fe1865108e39,sad,Relaxing after a long day,[],2025-03-24T18:30:30.817000,67e5af4d4344fe1865108e27
67e5af4e4344fe1865108e3a,hungry,Just finished a workout,[],2025-03-19T13:49:30.818000,67e5af4d4344fe1865108e28
67e5af4e4344fe1865108e3b,happy,Had a productive day at work,[],2025-03-04T10:30:30.818000,67e5af4d4344fe1865108e28
67e5af4e4344fe1865108e3c,sad,Had a productive day at work,[],2025-03-24T16:33:30.819000,67e5af4d4344fe1865108e28
67e5af4e4344fe1865108e3d,happy,Looking for something exciting,[],2025-03-12T00:01:30.820000,67e5af4d4344fe1865108e28
67e5af4e4344fe1865108e3e,sad,Had a productive day at work,[],2025-02-24T19:17:30.820000,67e5af4d4344fe1865108e28
67e5af4e4344fe1865108e3f,tired,Just finished a workout,[],2025-03-18T01:32:30.821000,67e5af4d4344fe1865108e28
67e5af4e4344fe1865108e40,energetic,Not feeling well today,[],2025-03-04T01:53:30.823000,67e5af4d4344fe1865108e28
67e5af4e4344fe1865108e41,tired,Relaxing after a long day,[],2025-03-05T10:03:30.824000,67e5af4d4344fe1865108e28
67e5af4e4344fe1865108e42,sick,Looking for something exciting,[],2025-03-01T22:54:30.825000,67e5af4d4344fe1865108e28
67e5af4e4344fe1865108e43,sad,Relaxing after a long day,[],2025-03-09T01:33:30.826000,67e5af4d4344fe1865108e28
67e5afab4df630adcc814f87,happy,Selected from mood selection page,[],2025-03-27T16:06:03.121000,67e5a8f4d27a5f1dae615a0b
67e5afab4df630adcc814f88,happy,,[],2025-03-27T16:06:03.670000,67e5a8f4d27a5f1dae615a0b
67e5afab4df630adcc814f89,happy,,[],2025-03-27T16:06:03.811000,67e5a8f4d27a5f1dae615a0b
